id;nome;cpf;rg
1;Buckinghamshire transmitting;multimedia;Queijo benchmark Account
2;Macio Internal Leone;transmitting Janeiro;convergence COM Aço
3;Bedfordshire SCSI;Triple-buffered;program Forward
4;Automotivo Marginal;PCI Rial Toalhas;real-time generation
5;lima;to Front-line;Montserrat Corporate
6;Congelado protocol payment;up;Bicicleta
7;impactful Tunísia Pound;generating Incrível e-commerce;reciprocal
8;open-source Sem;Avon Genérico Crianças;lilás
9;Egito;Orchestrator;Granito Horizontal
10;payment online benchmark;infomediaries input;Plástico
